{
  "ru": {
    "navigation": [
      {
        "id": 1,
        "title": "О клинике",
        "path": "about"
      },
      {
        "id": 2,
        "title": "Заболевания",
        "path": "diseases"
      },
      {
        "id": 3,
        "title": "Методы лечения",
        "path": "treatments"
      },
      {
        "id": 4,
        "title": "Наши специалисты",
        "path": "doctors"
      },
      {
        "id": 5,
        "title": "Цены",
        "path": "/price-list"
      },
      {
        "id": 6,
        "title": "Контакты",
        "path": "footer"
      }
    ],

    "statistics": [
      {
        "id": 1,
        "number": "20000+",
        "name": "обращений"
      },
      {
        "id": 2,
        "number": "2000+",
        "name": "лазерных операций"
      },
      {
        "id": 3,
        "number": "15+",
        "name": "Мастер классов"
      }
    ],

    "branches": [
      {
        "id": 1,
        "city": "г. Ташкент",
        "phone": {
          "render": "+998 (71) 235-61-00",
          "href": "+998954106100"
        }
      },
      {
        "id": 2,
        "city": "г. Самарканд",
        "phone": {
          "render": "+998 (95) 410-61-00",
          "href": "+998954106100"
        }
      }
    ],

    "diseases": [
      {
        "id": 1,
        "name": "Варикозная болезнь вен нижних конечностей",
        "description": "Варикозная болезнь вен нижних конечностей или варикозное расширение вен нижних конечностей — расширение поверхностных вен, сопровождающееся несостоятельностью клапанов и нарушением..."
      },
      {
        "id": 2,
        "name": "Сосудистые звездочки",
        "description": "Сосудистые звездочки, сосудистые сетки, сосудистые сеточки или телеангиоэктазии (телеангиэктазии), — это расширение кровеносных сосудов. Чаще всего они образуются на ногах, на лице..."
      },
      {
        "id": 3,
        "name": "Посттромботическая болезнь",
        "description": "Заболевание, при котором имеет место затруднение венозного оттока из пораженной конечности, возникающее после перенесенного тромбоза глубоких вен и проявляющееся симптомами хронической..."
      },
      {
        "id": 4,
        "name": "Варикозное расширение вен малого таза",
        "description": "Варикозная болезнь вен малого таза — это патология, которая встречается преимущественно у женщин детородного возраста. В литературе данное заболевание известно также как: варикоцеле..."
      },

      {
        "id": 5,
        "name": "Венозная трофическая язва",
        "description": "Венозная трофическая язва — длительно не заживающий дефект тканей, возникающий при тяжелом нарушении венозного оттока по глубоким и поверхностным венам. Они отмечаются у 1% всего населения и у 20% пациентов с заболеваниями..."
      },

      {
        "id": 6,
        "name": "Анатомия вен нижних конечностей",
        "description": "Анатомия венозной системы нижних конечностей отличается большой вариабельностью. Большую роль в оценке данных инструментального обследования в выборе правильного метода лечения играет знание индивидуальных..."
      },

      {
        "id": 7,
        "name": "Анатомия вен нижних конечностей",
        "description": "Анатомия венозной системы нижних конечностей отличается большой вариабельностью. Большую роль в оценке данных инструментального обследования в выборе правильного метода лечения играет знание индивидуальных..."
      }
    ],

    "treatments": [
      {
        "id": 1,
        "name": "Эндовенозная лазерная облитерация"
      },
      {
        "id": 2,
        "name": "Радиочастотная эндовенозная облитерация"
      },
      {
        "id": 3,
        "name": "Эхо склеротерапия"
      },
      {
        "id": 4,
        "name": "Лимфопрессотерапия"
      },
      {
        "id": 5,
        "name": "Микропенная склеротерапия"
      },
      {
        "id": 6,
        "name": "Амбулаторная минифлебэктомия"
      },
      {
        "id": 7,
        "name": "Амбулаторный, стриппинг"
      },
      {
        "id": 8,
        "name": "Лечение лимфедемы (лимфостаза)"
      }
    ],

    "advantages": [
      {
        "id": 1,
        "name": "Амбулаторное лечение (1-2 часа)",
        "icon": "/images/hospital-room.png"
      },
      {
        "id": 2,
        "name": "Местная анестезия",
        "icon": "/images/injection.png"
      },
      {
        "id": 3,
        "name": "Отсутствие реабилитации",
        "icon": "/images/reabilitation.png"
      },
      {
        "id": 4,
        "name": "Отсутствие разрезов, швов и шрамов",
        "icon": "/images/scalpel.png"
      },
      {
        "id": 5,
        "name": "Операция под контролем УЗИ",
        "icon": "/images/radioactive.png"
      },
      {
        "id": 6,
        "name": "Безболезненность",
        "icon": "/images/blood-cells.png"
      },
      {
        "id": 7,
        "name": "Сохраняется трудоспособность",
        "icon": "/images/disabled.png"
      },
      {
        "id": 8,
        "name": "Риск рецидива минимальный",
        "icon": "/images/pain.png"
      },
      {
        "id": 9,
        "name": "Возможность лечения пожилых пациентов",
        "icon": "/images/insurance.png"
      }
    ],

    "doctors": [
      {
        "id": 1,
        "title": "Сосудистый хирург, флеболог",
        "name": "Темиров Суръат",
        "paragraphs": [
          "Опыт работы более 20 лет, проводит консультацию, диагностику и лечение заболеваний вен нижних конечностей и малого таза. Владеет навыками рентгенэндоваскулярной хирургии.",
          "Всегда стремится оставаться в курсе самых современных достижений в области сосудистой хирургии и флебологии, имеет особый интерес к лечению варикозно-расширенных вен с помощью мало инвазивных методик — эндовенозной лазерной и радиочастотной коагуляции, минифлебэктомии и склеротерапии. Этим методам лечения он учился у ведущих флебологов, таких как проф. Uldis Maurins (Латвия), проф. Zoltan Varady (Германия), проф. Мазайшвили К.В. (Россия), проф. Богачев В.Ю. (Москва)."
        ],
        "photo": "/images/doctor001.png"
      },
      {
        "id": 2,
        "title": "Сосудистый хирург, флеболог",
        "name": "Зокиров Шахзод",
        "paragraphs": [
          "Опыт работы более 20 лет, проводит консультацию, диагностику и лечение заболеваний вен нижних конечностей и малого таза. Владеет навыками рентгенэндоваскулярной хирургии.",
          "Всегда стремится оставаться в курсе самых современных достижений в области сосудистой хирургии и флебологии, имеет особый интерес к лечению варикозно-расширенных вен с помощью мало инвазивных методик — эндовенозной лазерной и радиочастотной коагуляции, минифлебэктомии и склеротерапии. Этим методам лечения он учился у ведущих флебологов, таких как проф. Uldis Maurins (Латвия), проф. Zoltan Varady (Германия), проф. Мазайшвили К.В. (Россия), проф. Богачев В.Ю. (Москва)."
        ],
        "photo": "/images/doctor002.png"
      },
      {
        "id": 3,
        "title": "Сосудистый хирург, флеболог",
        "name": "Анаркулов Отабек",
        "paragraphs": [
          "Опыт работы более 20 лет, проводит консультацию, диагностику и лечение заболеваний вен нижних конечностей и малого таза. Владеет навыками рентгенэндоваскулярной хирургии.",
          "Всегда стремится оставаться в курсе самых современных достижений в области сосудистой хирургии и флебологии, имеет особый интерес к лечению варикозно-расширенных вен с помощью мало инвазивных методик — эндовенозной лазерной и радиочастотной коагуляции, минифлебэктомии и склеротерапии. Этим методам лечения он учился у ведущих флебологов, таких как проф. Uldis Maurins (Латвия), проф. Zoltan Varady (Германия), проф. Мазайшвили К.В. (Россия), проф. Богачев В.Ю. (Москва)."
        ],
        "photo": "/images/doctor003.png"
      },
      {
        "id": 4,
        "title": "Сосудистый хирург, флеболог",
        "name": "Султанова Севара",
        "paragraphs": [
          "Опыт работы более 20 лет, проводит консультацию, диагностику и лечение заболеваний вен нижних конечностей и малого таза. Владеет навыками рентгенэндоваскулярной хирургии.",
          "Всегда стремится оставаться в курсе самых современных достижений в области сосудистой хирургии и флебологии, имеет особый интерес к лечению варикозно-расширенных вен с помощью мало инвазивных методик — эндовенозной лазерной и радиочастотной коагуляции, минифлебэктомии и склеротерапии. Этим методам лечения он учился у ведущих флебологов, таких как проф. Uldis Maurins (Латвия), проф. Zoltan Varady (Германия), проф. Мазайшвили К.В. (Россия), проф. Богачев В.Ю. (Москва)."
        ],
        "photo": "/images/doctor004.png"
      }
    ],

    "events": [
      {
        "id": 1,
        "name": "Хирургическое лечение венозной трофической язвы в Ташкенте Эндовенозная лазерная облитерация с Shave терапией и аутодермопластикой трофической язвы",
        "images": [
          "/images/masterclass001.jpg",
          "/images/masterclass002.jpg",
          "/images/masterclass003.jpg"
        ],
        "member": "Богачёв Вадим Юрьевич"
      },
      {
        "id": 2,
        "name": "Хирургическое лечение венозной трофической язвы в Ташкенте Эндовенозная лазерная облитерация с Shave терапией и аутодермопластикой трофической язвы",
        "images": [
          "/images/masterclass001.jpg",
          "/images/masterclass002.jpg",
          "/images/masterclass003.jpg"
        ],
        "member": "Богачёв Вадим Юрьевич"
      },
      {
        "id": 3,
        "name": "Хирургическое лечение венозной трофической язвы в Ташкенте Эндовенозная лазерная облитерация с Shave терапией и аутодермопластикой трофической язвы",
        "images": [
          "/images/masterclass001.jpg",
          "/images/masterclass002.jpg",
          "/images/masterclass003.jpg"
        ],
        "member": "Богачёв Вадим Юрьевич"
      }
    ],

    "contacts": [
      {
        "city": "Ташкент",
        "location": "г. Ташкент, ул. Чингиза Айматова, 38",
        "phone": {
          "render": "+998 (71) 235-61-00",
          "href": "+998712356100"
        },
        "email": "phlebolife@gmail.com"
      },

      {
        "city": "Самарканд",
        "location": "г. Самарканд, ул.Амира Темура, 162",
        "phone": {
          "render": "+998 (95) 410-61-00",
          "href": "++998954106100"
        },
        "email": "phlebolife@gmail.com"
      }
    ]
  },

  "uz": {
    "navigation": [
      {
        "id": 1,
        "title": "Клиника хақида",
        "path": "about"
      },
      {
        "id": 2,
        "title": "Касалликлар",
        "path": "diseases"
      },
      {
        "id": 3,
        "title": "Даволаш усуллари",
        "path": "treatments"
      },
      {
        "id": 4,
        "title": "Мутахассислар",
        "path": "doctors"
      },
      {
        "id": 5,
        "title": "Нархлар",
        "path": "/price-list"
      },
      {
        "id": 6,
        "title": "Боғланиш",
        "path": "footer"
      }
    ],

    "statistics": [
      {
        "id": 1,
        "number": "17+",
        "name": "Йиллик тажриба"
      },
      {
        "id": 2,
        "number": "300+",
        "name": "Даволанган пациентлар"
      },
      {
        "id": 3,
        "number": "24/7",
        "name": "Иш фаолияти"
      }
    ],

    "branches": [
      {
        "id": 1,
        "city": "Тошкент шахри",
        "phone": {
          "render": "+998 (71) 235-61-00",
          "href": "+998954106100"
        }
      },
      {
        "id": 2,
        "city": "Самарқанд шахри",
        "phone": {
          "render": "+998 (95) 410-61-00",
          "href": "+998954106100"
        }
      }
    ],

    "diseases": [
      {
        "id": 1,
        "name": "Оёқлар варикоз касаллиги",
        "description": "Оёқ варикоз касаллиги ёки оёқ веналари варикоз кенгайган томирлар - юзаки томирларнинг кенгайиши, клапан етишмовчилиги ва қон оқимининг бузилиши билан кечади. Бу энг кенг тарқалган."
      },
      {
        "id": 2,
        "name": "Томирли юлдузча",
        "description": "Қон томир юлдузчалари, майда қон томирлар, ўргимчак томирчалар ёки телеангиоэктазиялар - қон томирларининг кенгайиши ҳисобланади. Кўпинча улар оёқларда, юзда (купероз), айниқса бурун қанотларида ҳосил бўлади ва ҳатто ошқозонда ҳам топилади. Статистик маълумотларга кўра, қон томир муаммоси катталарнинг 90% дан кўпроғида учрайди."
      },
      {
        "id": 3,
        "name": "Посттромбофлебетик касаллик",
        "description": "Чуқур томир тромбозидан кейин юзага келадиган ва сурункали веноз этишмовчилик (CВИ) белгилари сифатида намоён бўладиган зарарланган оёқлардан веноз қоннинг қайтиши қийин бўлган касаллик. Пост-тромботик касаллик (ПТД) шунингдек, пост-тромбофлебитик синдроми (ПТФС) деб ҳам аталади."
      },
      {
        "id": 4,
        "name": "Кичик чаноқ бўшлиғининг варикози",
        "description": "Кичик чаноқ аъзоларининг варикоз асосан туғиш ёшидаги аёлларда учрайдиган патология ҳисобланади. Адабиётда бу касаллик, шунингдек, аёл варикоцелиси, кичик чаноқ аъзоларининг варикози, сурункали чаноқ оғриғи синдроми сифатида ҳам танилган. Бундай беморлар қориннинг пастки қисмидаги оғриқларга"
      },

      {
        "id": 5,
        "name": "Оёқлар веноз трофик яра",
        "description": "Веноз трофик яра - бу чуқур ва юзаки томирлар орқали веноз чиқишининг жиддий бузилиши билан юзага келадиган узоқ муддатли даволанмайдиган тери тўқимаси нуқсони. Улар умумий аҳолининг 1 фоизида ва веноз касаллиги бўлган беморларнинг 20 фоизида учрайди. Эртами-кечми даволанмаган варикоз томирлари билан оғриган ҳар бешинчи беморда трофик яра пайдо бўлади. Трофик яралар варикоз томирларининг ривожланган босқичларида ва чуқур томир тромбофлебити натижасида пайдо бўлади."
      },

      {
        "id": 6,
        "name": "Оёқлар веналар анатомияси",
        "description": "Оёқнинг веноз тизими анатомияси жуда ўзгарувчан. Инструментал текширув маълумотларини баҳолаш, инсон веноз тизимининг тузилишининг индивидуал хусусиятларини билиш, даволашнинг тўғри усулини танлашда мухим ўрин тутади"
      }
    ],

    "treatments": [
      {
        "id": 1,
        "name": "Эндовеноз лазер облитерация"
      },
      {
        "id": 2,
        "name": "Радиочастотали эндовеноз облитерация"
      },
      {
        "id": 3,
        "name": "Эхо склеротерапия"
      },
      {
        "id": 4,
        "name": "Лимфопрессотерапия"
      },
      {
        "id": 5,
        "name": "Микрокўпикли склеротерапия"
      },
      {
        "id": 6,
        "name": "Амбулатор минифлебэктомия"
      },
      {
        "id": 7,
        "name": "Амбулатор стриппинг"
      },
      {
        "id": 8,
        "name": "Лимфедема (лимфостаз)-ни даволаш"
      }
    ],

    "advantages": [
      {
        "id": 1,
        "name": "Амбулаторли даво (1-2 соатгача)",
        "icon": "/images/hospital-room.png"
      },
      {
        "id": 2,
        "name": "Махалий оғриқсизлантириш",
        "icon": "/images/injection.png"
      },
      {
        "id": 3,
        "name": "Реабилитациянинг йўқлиги",
        "icon": "/images/reabilitation.png"
      },
      {
        "id": 4,
        "name": "Кесиш, чок ва шрамларсиз",
        "icon": "/images/scalpel.png"
      },
      {
        "id": 5,
        "name": "Жаррохлик УТТ назоратида",
        "icon": "/images/radioactive.png"
      },
      {
        "id": 6,
        "name": "Деярли оғриқсиз",
        "icon": "/images/blood-cells.png"
      },
      {
        "id": 7,
        "name": "Ишлаш қобилияти сақланиши",
        "icon": "/images/disabled.png"
      },
      {
        "id": 8,
        "name": "Кайталаш эхтимоли паст",
        "icon": "/images/pain.png"
      },
      {
        "id": 9,
        "name": "Қарияларни даволаш имкони",
        "icon": "/images/insurance.png"
      }
    ],

    "doctors": [
      {
        "id": 1,
        "title": "Сосудистый хирург, флеболог",
        "name": "Темиров Суръат",
        "paragraphs": [
          "Опыт работы более 20 лет, проводит консультацию, диагностику и лечение заболеваний вен нижних конечностей и малого таза. Владеет навыками рентгенэндоваскулярной хирургии.",
          "Всегда стремится оставаться в курсе самых современных достижений в области сосудистой хирургии и флебологии, имеет особый интерес к лечению варикозно-расширенных вен с помощью мало инвазивных методик — эндовенозной лазерной и радиочастотной коагуляции, минифлебэктомии и склеротерапии. Этим методам лечения он учился у ведущих флебологов, таких как проф. Uldis Maurins (Латвия), проф. Zoltan Varady (Германия), проф. Мазайшвили К.В. (Россия), проф. Богачев В.Ю. (Москва)."
        ],
        "photo": "/images/doctor001.png"
      },
      {
        "id": 2,
        "title": "Сосудистый хирург, флеболог",
        "name": "Зокиров Шахзод",
        "paragraphs": [
          "Опыт работы более 20 лет, проводит консультацию, диагностику и лечение заболеваний вен нижних конечностей и малого таза. Владеет навыками рентгенэндоваскулярной хирургии.",
          "Всегда стремится оставаться в курсе самых современных достижений в области сосудистой хирургии и флебологии, имеет особый интерес к лечению варикозно-расширенных вен с помощью мало инвазивных методик — эндовенозной лазерной и радиочастотной коагуляции, минифлебэктомии и склеротерапии. Этим методам лечения он учился у ведущих флебологов, таких как проф. Uldis Maurins (Латвия), проф. Zoltan Varady (Германия), проф. Мазайшвили К.В. (Россия), проф. Богачев В.Ю. (Москва)."
        ],
        "photo": "/images/doctor002.png"
      },
      {
        "id": 3,
        "title": "Сосудистый хирург, флеболог",
        "name": "Анаркулов Отабек",
        "paragraphs": [
          "Опыт работы более 20 лет, проводит консультацию, диагностику и лечение заболеваний вен нижних конечностей и малого таза. Владеет навыками рентгенэндоваскулярной хирургии.",
          "Всегда стремится оставаться в курсе самых современных достижений в области сосудистой хирургии и флебологии, имеет особый интерес к лечению варикозно-расширенных вен с помощью мало инвазивных методик — эндовенозной лазерной и радиочастотной коагуляции, минифлебэктомии и склеротерапии. Этим методам лечения он учился у ведущих флебологов, таких как проф. Uldis Maurins (Латвия), проф. Zoltan Varady (Германия), проф. Мазайшвили К.В. (Россия), проф. Богачев В.Ю. (Москва)."
        ],
        "photo": "/images/doctor003.png"
      },
      {
        "id": 4,
        "title": "Сосудистый хирург, флеболог",
        "name": "Султанова Севара",
        "paragraphs": [
          "Опыт работы более 20 лет, проводит консультацию, диагностику и лечение заболеваний вен нижних конечностей и малого таза. Владеет навыками рентгенэндоваскулярной хирургии.",
          "Всегда стремится оставаться в курсе самых современных достижений в области сосудистой хирургии и флебологии, имеет особый интерес к лечению варикозно-расширенных вен с помощью мало инвазивных методик — эндовенозной лазерной и радиочастотной коагуляции, минифлебэктомии и склеротерапии. Этим методам лечения он учился у ведущих флебологов, таких как проф. Uldis Maurins (Латвия), проф. Zoltan Varady (Германия), проф. Мазайшвили К.В. (Россия), проф. Богачев В.Ю. (Москва)."
        ],
        "photo": "/images/doctor004.png"
      }
    ],

    "events": [
      {
        "id": 1,
        "name": "Хирургическое лечение венозной трофической язвы в Ташкенте Эндовенозная лазерная облитерация с Shave терапией и аутодермопластикой трофической язвы",
        "images": [
          "/images/masterclass001.jpg",
          "/images/masterclass002.jpg",
          "/images/masterclass003.jpg"
        ],
        "member": "Богачёв Вадим Юрьевич"
      },
      {
        "id": 2,
        "name": "Хирургическое лечение венозной трофической язвы в Ташкенте Эндовенозная лазерная облитерация с Shave терапией и аутодермопластикой трофической язвы",
        "images": [
          "/images/masterclass001.jpg",
          "/images/masterclass002.jpg",
          "/images/masterclass003.jpg"
        ],
        "member": "Богачёв Вадим Юрьевич"
      },
      {
        "id": 3,
        "name": "Хирургическое лечение венозной трофической язвы в Ташкенте Эндовенозная лазерная облитерация с Shave терапией и аутодермопластикой трофической язвы",
        "images": [
          "/images/masterclass001.jpg",
          "/images/masterclass002.jpg",
          "/images/masterclass003.jpg"
        ],
        "member": "Богачёв Вадим Юрьевич"
      }
    ],

    "contacts": [
      {
        "city": "Тошкент",
        "location": "Тошкент шахри,Чингиз Айматов кўчаси, 38",
        "phone": {
          "render": "+998 (71) 235-61-00",
          "href": "+998712356100"
        },
        "email": "phlebolife@gmail.com"
      },

      {
        "city": "Самарқанд",
        "location": "Самарқанд шахри, Амир Темур кўчаси, 162",
        "phone": {
          "render": "+998 (95) 410-61-00",
          "href": "++998954106100"
        },
        "email": "phlebolife@gmail.com"
      }
    ]
  }
}
